Words,Count
his,237
fortunate,3
grace,8
chapter,27
i,790
are,143
you,480
quite,27
sure,20
mr,61
forbes,133
laid,4
down,40
newspaper,2
and,837
looked,47
with,251
slightly,6
extended,1
mouth,7
at,127
daughter,21
who,65
leaned,5
forward,9
in,374
an,100
attitude,2
of,708
suppressed,1
energy,2
her,401
hands,24
clasped,4
on,131
the,1298
edge,4
breakfasttable,1
heiress,4
many,28
millions,13
was,310
not,224
handsome,2
features,5
were,115
large,15
complexion,1
dull,4
but,231
she,419
had,237
carriage,5
‘air,1
new,42
york,32
girl,17
fashion,4
wore,9
a,651
french,3
morningtoilette,1
which,52
would,93
have,254
ameliorated,1
gorgon,1
papa,24
suppose,31
studied,2
question,5
exhaustively,1
oh,33
yes,14
indeed,13
read,18
karl,2
marx,2
henry,1
george,4
lot,8
others,11
forgotten,2
that,450
belong,3
to,719
club,3
girls,18
aspire,1
be,180
something,36
more,78
than,48
fashionable,3
butterflies,2
we,156
together,21
also,13
positive,5
wish,27
me,140
divide,1
my,110
fortune,5
fellowmen,1
deprive,1
pleasant,1
position,10
perfectly,8
firmly,2
it,336
is,298
terrible,7
think,59
starving,1
thousands,3
feel,27
duty,5
tell,27
if,119
do,97
this,94
yourself,7
shallwhenwhenbut,1
cannot,19
even,17
no,88
don’t,85
worry,3
about,54
i’m,11
good,57
for,210
twenty,8
or,65
thirty,9
years,25
yet,16
handsomest,1
most,26
distinguishedlooking,2
man,87
thanks,4
proceed,3
should,69
say,31
likely,2
several,15
things,14
meanwhile,3
know,63
shall,50
take,33
trouble,6
alter,1
will,97
still,6
maythat,1
unless,10
convert,5
convinced,3
women,33
vote,6
am,118
all,117
arguments,1
against,8
i’ve,8
heard,8
everything,9
see,41
get,33
can,55
bring,10
socialism,18
easily,2
without,25
slightest,5
difficulty,1
considering,1
homogeneity,1
feminine,3
mind,14
darling,4
sarcastic,1
thing,31
can’t,28
what,98
weight,4
such,27
as,221
interesting,5
cause,5
must,62
carefully,1
excluded,1
nouveau,2
riche,1
only,51
very,68
oldest,1
notable,3
names,4
our,46
petition,4
when,66
up,61
going,16
well,65
let,17
pass,3
present,8
fall,1
love,36
want,32
marry,28
him,149
intend,4
make,46
lifedo,1
wealth,9
disposal,1
he,366
does,19
sympathize,1
agree,4
plans,2
go,50
woman’s,7
chief,3
end,15
matrimony,2
need,9
ask,10
ever,26
been,74
course,19
dreadfully,3
doeven,1
advanced,3
womennow,1
so,112
smile,3
like,66
twentyone,1
old,25
has,70
highly,1
educated,2
travelled,1
out,68
two,36
right,11
call,14
myself,14
because,15
gone,7
deliberately,1
into,38
race,2
great,37
deal,6
accomplished,1
nothing,30
exactly,2
how,39
much,48
worth,11
broadly,1
speaking,3
railroad,2
other,28
stock,3
liable,1
less,13
any,44
day,26
land,6
reasonably,2
fair,3
amount,3
give,30
some,29
least,7
poor,18
dear,25
peoplei,1
assure,1
taken,13
them,56
under,9
wing,1
grown,1
sentimental,1
over,62
once,36
man’s,7
baggy,1
knees,3
fascinate,2
magnificently,2
earnest,6
scolded,1
us,43
being,15
rich,4
meeting,6
loved,11
relief,2
married,13
your,94
allowance,3
ten,6
thousand,14
dollars,8
year,9
please,8
come,57
fads,6
whims,1
demand,1
god,11
forbid,2
stand,11
way,22
happiness,6
by,60
mother,22
business,7
unsympathetic,1
imagine,5
said,123
drily,3
cleverest,2
woman,49
ii,2
after,26
luncheon,1
miss,54
hied,1
herself,32
drawingroom,7
behalf,1
despite,4
fact,5
elected,1
rôle,2
mental,4
muscularity,1
gave,16
studious,1
application,1
attire,1
pertained,1
enduring,1
religion,1
interests,1
flashing,1
seasons,1
unconsciously,3
patronised,2
rather,13
assimilated,1
walked,9
avenue,7
toward,9
house,21
friend,11
mrs,68
latimer,6
burr,21
wellgrown,2
lad,1
masquerading,1
smart,5
outfit,1
brown,3
tweed,1
erect,1
soldierly,1
independent,4
little,38
stride,2
bunch,1
violets,1
pinned,1
muff,2
another,12
throat,4
severe,2
toque,1
instead,4
picturehat,1
usually,6
affected,2
smiled,8
swung,1
along,3
one,76
back,24
sighed,2
happy,14
never,52
known,9
ungratified,1
spoken,8
newspapers,5
few,24
intellectual,6
young,19
society,8
now,42
really,18
serious,6
object,3
life,43
felt,19
spasms,1
gratification,1
born,4
set,13
world,15
rightsshe,1
selfish,2
grudged,1
share,1
honours,1
reached,7
burr’s,4
high,6
overlooking,1
naked,1
trees,1
glittering,2
white,17
park,1
found,6
toilettes,1
time,41
hers,3
friends,9
complimented,1
occasion,2
punctuality,1
commended,1
envy,6
scene,1
operations,1
marvellous,1
combination,1
every,18
pale,11
colour,14
nature,14
art,2
expectant,2
whitewigged,1
dames,1
sparkling,2
satin,6
diamonds,4
tripping,1
mazes,1
minuet,1
gentlemen,3
courtly,1
their,44
dress,4
colourous,1
halfdozen,4
extremely,2
hoary,1
nineteenth,1
century,2
sat,19
group,3
talking,7
fast,2
seals,1
rock,1
slim,1
hostess,4
compactly,1
gowned,4
pearlgrey,1
cloth,1
sleek,1
head,28
dressed,6
moment,26
came,26
lorgnette,5
held,6
close,6
eyes,42
augusta,87
prompt,1
kissing,5
lightly,7
could,51
frightfully,4
rest,10
help,3
feeling,2
it’s,20
jolly,6
larkperhaps,1
that’s,11
effect,8
exsisterinlaw,1
patience,1
sparhawk,1
says,14
playing,2
alive,3
seventeen,1
different,5
experiences,2
before,36
twentyfour,2
including,2
sojourn,1
murders,1
row,2
frantic,1
affair,3
one’s,1
own,15
husband,16
hal,6
through,23
interrupted,1
ears,2
pricking,1
girlish,2
curiosity,1
eccentric,1
look,20
oldor,1
she’s,8
briefly,1
you’ll,6
meet,8
odd,2
happened,2
weren’t,1
awhile,3
hardly,4
taste,2
wanted,7
interestingly,1
dreadful,8
family,3
just,25
seriously,5
reason,9
doesn’t,10
waste,2
here,33
someone,3
else,5
itoh,1
mary,5
gallatin,3
joined,1
where,9
mabel,47
creighton,40
demanded,5
thought,36
coming,5
haven’t,8
air,6
elaborate,1
indifference,3
drew,5
eyelids,2
focus,1
entering,1
duke,86
bosworth,26
arrives,1
today,12
stayed,4
home,19
receive,5
mean,15
there,67
same,16
name,5
aire,5
castleand,2
othersof,1
west,3
riding,1
district,1
craven,1
county,1
yorkshire,1
england,13
five,8
titles,4
believe,22
enjoys,1
honour,7
friendship,1
fletcher,25
cuyler,18
met,7
abroad,3
got,11
wrote,3
arrive,1
hospitable,1
stay,8
they,86
engaged,4
angel,1
idea,6
whether,5
always,20
flirtation,1
somebody,2
funny,8
quiet,3
kept,3
goodlookingorwell,1
merely,7
mentioned,1
seen,11
photograph,3
she’d,2
lovely,12
bride,3
exquisite,2
tastest,1
thomas,1
dream,1
he’ll,5
wear,1
grey,6
suit,3
trousers,1
turned,15
pink,12
shirt,1
hope,16
won’t,17
walk,4
big,8
black,5
cigar,2
talk,13
asked,14
severely,2
difference,4
foreign,5
titled,2
looks,9
discuss,8
exterminate,1
entire,2
order,6
true,4
exclaimed,12
darkhaired,1
mainly,1
responsible,1
reputation,3
albeit,2
exempt,2
from,48
witchery,1
stop,5
gossiping,1
attend,1
expected,2
speak,13
collect,1
thoughts,3
alex,9
admiringly,1
wouldn’t,13
matter,17
loose,1
prepared,1
speech,8
mine,5
heart,11
frightened,1
father,21
we’ve,1
talked,7
agrees,1
laughed,4
consciously,1
probably,6
points,2
similarity,1
firm,1
simplicity,2
arrived,4
seated,6
double,1
semicircle,1
alert,2
drifted,1
aimlessly,2
then,30
paused,6
table,7
tapped,2
smartly,3
may,26
begin,4
theathe,1
advisability,1
having,8
votefranchise,1
maitland,18
thoroughly,6
digested,1
both,6
subjects,1
kindly,4
consented,1
dr,3
broadhead,3
later,9
scoldings,1
alexandra,4
open,5
ball,2
incorrigible,1
drawing,1
dark,3
brows,2
might,12
pretend,3
lend,1
delighted,7
managed,1
cleverly,1
flouted,1
alexis,3
scold,1
cry,3
i’ll,15
seriousi,1
swear,1
admire,2
death,2
poetry,2
adorable,1
ideas,2
decorating,1
professional,1
fence,1
real,6
amazon,1
simply,6
dying,2
hear,6
first,26
hiding,1
anywhere,1
went,24
hall,4
returned,7
listen,5
guy,1
applied,1
bright,3
quizzical,1
somewhat,7
embarrassed,4
introduction,1
stepped,1
middle,5
room,25
faced,3
audience,1
quick,3
sidelong,1
glance,3
skirts,2
stood,15
yacht,3
full,10
sail,3
fine,3
looking,4
far,11
above,7
height,2
dignified,1
expression,4
soft,5
trifle,6
nervous,8
opened,13
jacket,1
gain,1
throwing,1
paquin,1
blouse,2
whispered,3
confidently,1
shh,1
showed,2
further,2
symptom,1
nervousness,1
did,40
gesture,1
nor,4
shift,1
during,11
repose,3
impressive,1
decidedly,2
agreeable,1
respects,1
heavily,4
increase,1
responsibilities,2
reasons,2
outweigh,1
those,11
money,11
allowances,1
responsibility,1
incometax,1
danger,1
defeated,1
making,11
law,2
move,5
direction,2
towards,2
next,13
persuading,1
government,2
railroads,2
shocking,4
actual,1
costs,1
transit,1
small,7
charges,1
exorbitant,1
profits,1
enormous,2
oppressively,1
long,31
journey,1
rail,1
equivalent,2
fare,1
horrifying,1
narrow,3
island,1
city,2
live,7
hothouse,1
plants,1
midst,1
malarious,1
swamp,1
almost,10
doors,5
living,4
whole,6
families,5
meal,1
gives,2
charity,2
solution,2
problem,1
redistribution,1
desire,2
poverty,5
physically,1
unfit,1
sufficient,3
left,24
insure,1
comfort,1
brain,8
extravagant,1
luxuries,1
justify,2
existence,2
required,2
worked,2
three,14
hours,10
leading,2
idle,1
pleasure,8
ornamental,2
remarkably,3
pretty,11
people,19
outside,5
gossip,2
written,2
certainly,14
fancy,6
useful,2
i’d,7
lose,8
keep,10
forever,1
cultivate,2
substitute,1
driven,2
ranks,2
passée,1
disappointed,2
faded,3
beauties,3
bore,5
everybody,3
refuse,4
contemplate,1
prospect,1
getting,2
horrid,4
rude,1
clapped,1
delightful,3
cried,5
didn’t,9
debate,1
finished,3
interrupt,1
again,24
understand,9
recruits,1
hundreds,3
upper,6
class,4
signing,1
asking,2
extension,1
franchise,2
sex,1
interested,2
brought,7
faith,3
ragtag,1
bobtail,1
element,1
enlisted,1
carry,2
intelligent,2
part,12
community,1
assured,5
fightthat,1
upheaval,1
anarchists,1
killing,2
step,4
try,3
control,5
despise,2
coward,1
propagandism,1
men,47
fight,4
enlist,1
luxurious,3
pertains,1
wellington,1
‘the,1
puppies,1
puppiesdon’t,1
misunderstand,1
mebut,1
seem,5
spent,3
saddle,1
civil,2
war,8
took,16
best,20
blood,11
gallant,1
highminded,1
ambitious,1
killedalthough,1
forget,4
anything,16
chose,2
thinks,4
american,33
statesmanship,1
fallen,5
low,5
scorns,1
avowedly,1
party,8
amuses,1
himself,11
pulling,2
wires,2
tremendous,2
crisis,1
arose,1
unravel,1
snarl,1
compliments,1
point,8
suggested,3
helena,2
belmont,3
last,14
strong,8
hold,8
awaken,4
soul,9
menthat,1
lack,3
germ,3
developed,3
perhaps,6
rose,20
its,23
flower,1
withered,1
reaction,2
commercial,1
atmosphere,5
since,14
fitted,1
nation,4
closer,2
skin,3
arouse,1
wellfed,1
body,3
annex,1
until,19
‘big,1
expand,1
wholly,1
sacrifice,4
appalling,1
higher,4
qualities,1
roused,2
surely,2
bloodshed,1
supposed,2
orchids,2
whatever,2
choose,3
whose,5
luxury,1
cynosure,1
continent,1
instrumental,1
giving,3
lost,10
spiritual,1
qualityunderstand,1
use,3
word,7
religious,1
senseit,1
greater,2
achievement,1
socalled,1
emancipated,1
vociferating,1
minor,1
consideration,5
acquire,3
influence,4
personally,2
dispense,1
bravo,2
lady,4
vibrating,2
resonant,1
voice,10
clerical,1
entered,21
clapping,1
keen,2
restless,3
hair,16
beard,1
silver,2
curious,3
disconcerting,2
bald,3
spot,3
chin,5
ready,3
burst,3
thank,6
clap,1
minutes,6
spare,3
speechi,1
eavesdropping,1
quarrel,1
necessary,4
logical,1
instincts,1
words,6
hoarse,1
strode,1
occasionally,5
smote,1
emphatic,2
speaker,1
crusaders,1
theatrical,1
youwith,1
exception,1
views,1
loathsome,2
municipal,2
degradation,1
universal,1
social,5
evil,1
partthat,1
classi,1
heartily,4
endorse,1
alone,8
save,7
countrysnatch,1
plebeians,1
thieves,1
lies,1
regeneration,1
strapping,1
harvard,1
yale,1
princeton,1
expert,1
boxer,1
fencer,1
whip,1
oarsman,1
yachtsman,1
addicted,1
manly,1
sport,1
factwhen,1
tortoiseshell,2
brushes,1
diamond,2
monograms,1
garter,1
buckles,1
sets,3
silk,4
pyjamasnever,1
paper,4
except,1
ushers,1
weddings,4
added,8
costly,1
apartments,1
makes,4
sicksick,1
rouse,1
these,11
suggests,1
doubt,9
survived,1
lives,3
rousing,1
votevotenullify,1
thieving,1
lying,4
cormorants,1
fattening,1
country,10
ruining,1
morally,1
financially,1
scorn,3
jest,1
europe,4
possible,8
hoped,2
manhoodwe,1
pay,6
hideous,1
price,3
suggest,1
moral,1
lash,1
break,6
honest,1
legislature,1
congress,1
office,6
off,12
waving,1
hasty,2
adieu,1
shot,4
enthusiastic,1
chorus,1
uphold,1
undertake,1
reformation,1
although,12
wrinkles,2
turn,3
‘boodle,1
gally,1
hopeless,3
famous,2
clubman’s,1
wife,23
sigh,4
work,2
lots,3
murmured,1
neighbour,1
wrinkling,1
smooth,1
brow,6
put,9
gruel,1
hot,3
water,3
eat,2
drink,2
remarked,5
anyhow,3
consolingly,1
find,9
die,3
maid,5
splendid,4
replied,9
political,5
religiously,1
send,4
toahemand,1
echoed,1
loyally,1
sight,5
fully,2
made,18
round,8
disadvantage,1
beautiful,9
mamma,6
pack,1
idiots,1
respect,8
opinion,6
épris,1
too,17
sturdily,1
outright,1
posing,1
prophet,1
limp,1
thinker,1
fairly,2
staggering,1
pour,1
stiff,3
cup,2
tea,8
rum,1
slums,2
aren’t,2
stagefright,1
minute,5
eight,4
company,5
hurried,2
gathered,2
teatable,2
relieved,1
tension,2
amicable,1
discussion,1
lighter,1
matters,3
iii,1
footman,1
bosworth’s,1
cards,1
hour,19
travelling,1
gear,1
given,8
english,22
peer,2
welcome,5
terms,1
awaited,2
maiden,1
attenuated,1
sumptuous,1
expensive,1
tables,2
ormolu,1
cabinets,1
containing,1
collections,1
cameos,1
fens,1
miniatures,1
lapis,1
lazuli,1
clock,3
feet,10
piano,4
inlaid,3
twentyseven,1
woods,1
walls,7
frescoed,1
hand,16
lamps,3
candlebrackets,1
various,1
articles,1
decoration,1
picked,1
extensive,1
travels,1
noted,3
slow,1
listless,1
gaze,2
chair,18
pressed,6
stick,4
delicatelybuilt,1
shoulders,2
rounded,1
cheeks,9
lower,2
lip,3
beginning,4
droop,1
blue,6
dim,1
lids,1
red,6
debauchee,2
sort,9
liked,4
quarter,5
waiting,3
portière,3
pushed,2
aside,5
quickly,7
charm,6
manner,9
dainty,1
blonde,2
fluffy,1
creature,3
bit,4
fragile,1
china,1
palatial,1
sweet,2
soon,4
frank,4
expect,5
presently,2
awfully,3
anxious,2
resumed,7
seat,4
regarding,3
halfclosed,1
inventoried,1
america,16
flashed,3
gracefully,3
run,6
afternoon,6
trip,2
bored,8
sea,2
ill,6
shop,1
youawfully,1
goodto,1
brave,1
horrors,1
deep,7
stateroom,1
babyish,1
glad,17
enough,15
occurred,2
detached,2
chats,2
johnnies,1
hanging,3
surroundings,1
ohperhaps,1
write,9
book,1
afraid,12
clever,12
mistake,2
thinking,4
type,4
particular,6
setwe,1
within,2
knowand,1
each,10
why,13
tolerate,2
meprobably,1
dearest,3
pats,1
leaven,1
keeps,1
sodden,1
lump,1
addled,1
brains,4
trying,6
charming,9
tired,6
ingenuousness,1
determine,1
streak,1
slangy,1
kisses,1
inconsequential,1
act,6
howell’s,1
comedies,1
badly,3
purpose,2
raising,1
couldn’t,3
impertinent,1
tug,1
door,19
affection,2
anyone,4
youi,1
devoted,4
chum,2
lent,2
valuable,2
presence,3
important,5
meetings,4
knowsocialism,1
voteandoh,1
dozens,1
fun,2
speeches,1
emphatically,1
bent,3
adore,2
particularly,4
prettiest,2
boudoir,8
designed,2
rainbow,2
lay,5
couch,1
gown,7
match,5
street,7
frocks,1
wrappers,1
smoked,1
cigarettes,1
ate,1
bonbons,1
intellectualthe,1
expounded,1
quarrelled,2
knew,16
better,12
regenerate,1
quicken,1
souls,1
you’re,3
votewe’re,1
reforming,3
united,13
states,12
state,4
fresh,4
childlike,1
laugh,3
arriving,1
conclusion,2
amusing,1
reflected,4
likeable,2
pertainment,1
rumour,1
father’s,2
vast,2
across,4
thewhat,1
themadvanced,1
told,13
circean,1
seems,6
hallmark,1
attractive,1
intimate,7
saw,11
falling,1
perceiving,1
tiring,1
subject,10
iohi,1
central,3
days,8
place,9
travel,2
chicago,2
deliciously,1
englishman,9
between,10
north,2
south,1
somewhere,4
imperturbably,1
command,1
vernacular,1
suddenly,14
older,5
face,30
excessively,1
aggressively,1
refined,1
complacent,1
insolent,2
prototype,1
resemblance,1
prophetic,1
shaking,2
warmly,2
flattered,3
opportunity,3
kindness,1
comfortable,2
upon,25
upright,2
absolute,1
happiest,2
marriedit,1
yesterdaymy,1
jaunted,1
scotland,1
wales,1
oldfashioned,2
six,3
months,1
rambled,1
seeing,2
everythingone,1
ashamed,4
tourist,1
letter,12
honeymoon,2
castle,5
near,4
strid,1
remember,7
fascinated,2
sincehe,1
busy,1
manages,1
jealous,1
heralthough,1
common,3
justice,3
add,2
knows,5
general,2
principles,2
beauty,15
southern,4
rid,2
conceited,1
rattle,1
virginia,11
talks,1
enhance,1
value,2
velvety,1
futile,1
efforts,1
rise,2
resolutely,1
sorry,9
began,2
rush,6
away,10
barely,4
opera,8
tonight,11
informally,1
early,4
dinner,18
join,2
box,11
goi,1
engagement,7
hotelhe,1
kindthanks,1
hospitably,2
received,6
strange,1
sidewalk,1
breath,5
disease,2
waxes,1
age,5
wound,6
sometimes,9
inevitable,1
sprung,2
wonder,9
fade,1
substantial,1
corpse,2
dissolving,1
view,1
butoh,1
murray,3
hill,3
crossed,3
fifth,3
waldorf,2
absently,3
swinging,2
regardless,1
glances,1
dreamed,1
iv,1
o’clock,3
flushed,5
triumph,2
elated,2
spirit,2
platform,2
east,2
side,3
surrounded,3
dozen,2
bedraggled,1
females,1
assurance,2
used,4
certain,8
gestures,1
imitate,2
wellbred,1
patronage,1
humble,1
sisters,1
quarters,1
sign,2
able,6
liquor,1
trust,3
reform,3
husbands,2
secure,1
single,1
wordand,1
prided,1
vocabularythat,1
directness,1
characterized,1
orators,1
writers,1
altogether,3
experience,1
fatigue,2
dazzling,2
embraced,1
responded,3
hug,1
shed,4
tear,2
he’s,13
ecstatically,1
whooh,1
propose,1
beside,3
forgot,4
equal,4
proposal,1
englishmen,1
cautious,1
ours,3
warning,2
frivol,1
besides,7
vineandtendril,1
you’d,4
steady,1
stream,2
halfhour,1
evening,13
standing,1
fire,10
apparelled,1
subsequent,1
turquoise,1
comb,1
modishly,1
carried,3
spring,2
kind,8
circles,1
worn,2
solicitously,1
doing,3
sank,1
hal’s,1
spoke,6
victory,1
‘cause,1
compensate,1
crow’s,1
care,13
suspicion,1
questions,2
fad,1
comes,5
hungry,1
lifted,5
servant,4
majesty,1
younger,2
exquisitely,1
chiselled,1
vivid,1
colouring,2
thirtynine,3
tall,3
voluptuous,1
figure,3
outgrown,2
line,7
womanhood,2
neck,7
arms,8
greek,1
virginian,1
birth,2
inherited,5
highbred,2
ancestors,3
fathered,1
elizabeth’s,1
courtiers,2
slight,2
fullness,1
peculiar,1
warmed,2
touch,4
curved,1
scarlet,4
lips,12
rarely,4
pout,2
aid,1
imperious,2
averred,1
rare,3
occasions,2
guard,2
hint,2
modelling,1
selfwill,1
cruelty,1
tiara,1
rows,2
stones,3
depending,1
gold,3
chains,1
green,3
velvet,7
stomacher,1
arm,2
cloak,1
emerald,1
lined,4
fox,1
cold,11
brilliant,4
softened,2
flirting,1
lashes,1
lifting,1
steel,2
light,6
controlled,4
destinies,1
stupendous,1
enterprises,1
backbone,2
piled,2
child,7
piles,1
blocks,1
times,10
refused,4
nomination,1
highest,3
gift,3
worshipped,2
twentytwo,5
exulting,1
ambition,4
admiration,4
onerous,1
duties,1
leader,1
tempt,1
neglect,1
lavished,1
fortunes,5
immense,2
squander,1
record,2
palace,1
newport,2
carolina,1
mountains,1
jewels,10
million,9
desireto,1
glitter,1
courts,1
homage,3
princes,2
declined,1
missions,1
final,2
decision,2
prefer,2
presidency,1
nagging,1
worries,1
ambassador’s,1
absurdities,1
etiquette,1
irritate,1
daily,3
portion,1
lunatic,1
asylum,1
tin,1
gods,2
shine,1
star,4
mould,1
main,2
strength,1
forced,2
submit,1
depth,1
tenacity,1
passionate,2
nobility,2
generosity,1
character,3
ceased,2
exercise,1
enchantment,1
paid,6
increasing,2
court,3
moreover,4
hard,13
relentless,1
pursuit,1
aged,1
superb,2
appearance,5
distinction,3
concentration,1
passed,6
magnetism,6
goodwill,1
slender,1
powerful,5
betrayed,1
half,13
fiftyone,1
specimen,2
civilisation,2
vitality,2
enthusiasm,5
youth,2
wide,1
knowledge,6
intelligence,2
polished,1
warm,4
spontaneous,2
cared,1
vanity,1
dispensed,1
walking,2
advertisement,1
resented,2
borne,1
ugly,4
duckling,1
tiresome,1
husband’s,6
confidante,1
gigantic,1
schemes,1
financial,5
augusta’s,7
kinks,1
necktie,1
twist,1
sustained,1
bestgroomed,1
pleased,4
improve,1
fluttered,1
eyelashes,1
kissed,3
spooning,1
flatter,3
smiling,2
market,1
roof,2
barring,1
cynic,1
povertystricken,1
attention,6
autumn,1
visiting,1
tight,1
pull,5
children,6
however,4
plenty,2
snap,1
fish,1
fond,2
distinguished,3
foreigners,2
shrine,2
maurel,2
don,3
giovanni,3
means,6
v,1
tiers,1
boxes,2
metropolitan,1
reserved,1
plumage,1
gems,2
style,5
artifice,1
intense,2
saved,1
confusion,3
fashionplate,1
carrying,2
themselves,4
royal,1
selfconscious,1
crowned,1
empresses,1
starred,1
night,7
producing,1
en,2
masse,1
resplendent,1
individually,2
deficiency,1
centuries,1
seal,2
hung,6
frame,3
curving,1
background,1
suspended,1
goddesses,1
challenge,1
stare,6
music,2
decorate,1
lovers,1
stuffed,1
seemed,14
cling,1
flies,1
parquette,1
orchestra,1
chairs,2
dresscircle,1
balconies,1
represented,2
grand,3
tier,2
blasé,2
faces,1
studded,1
omnibus,1
behind,9
huge,3
sleeves,1
voluminous,1
sheathed,1
proudest,1
possessions,1
coined,1
triumphant,3
exhibition,1
curtain,2
second,4
emptied,1
male,2
enter,2
stage,1
scanned,1
moments,7
fashionettes,1
boy,4
pedigree,2
short,8
aristocratic,1
outline,1
observe,1
pug,1
unmitigated,1
tells,1
duchesses,1
cooks,1
grooming,1
health,2
admit,4
stunning,2
directly,2
gad,2
ripper,1
yours,2
edward,1
r,1
wealthiest,1
enjoy,2
throws,1
flashlight,1
pitiful,1
originality,1
petted,2
millionaire,2
forty,3
sixty,1
fifty,1
physique,3
pity,4
stranger,3
tip,1
booked,2
stolidly,2
pounds,8
nodollars,1
they’ll,1
saying,1
deeptoo,1
draw,1
solid,1
deucedly,1
ricketty,1
willing,7
brutally,2
wouldn’tcouldn’tmarry,1
venus,1
income,6
boot,1
stands,1
top,3
though,5
exaggerated,1
splurge,1
ones,2
there’s,6
parvenu,1
handled,1
halfas,1
happen,2
lawyerand,1
entertains,1
clothes,2
gorgeous,2
shrewd,1
seventy,1
millionsthat’s,1
allowing,1
embellishmentsif,1
dollar,2
goes,1
bankrupt,1
she’ll,3
twothirds,4
dot,1
vivacity,1
visitors,2
dismissed,2
tactful,1
badinage,1
beckoned,1
sit,9
commanded,4
genuine,2
hospitality,2
sought,1
englishman’s,1
flutter,1
transparent,1
addressed,2
resigned,1
bertie,5
variety,2
innocuous,1
nobody,2
pays,1
disdain,1
diversion,2
invent,1
ordered,1
allow,1
isn’t,8
ruin,4
tail,1
baldheaded,1
duke’s,7
implike,1
teeth,2
unwealthed,1
fixed,1
dukes,1
relatives,3
graduate,1
oxford,1
chosen,4
heir,1
dukedom,1
excessive,1
liveliness,1
adaptability,1
versatility,1
audacity,1
eccentricities,1
cleverness,2
utter,1
disregard,1
rank,2
immensely,1
popular,1
treated,2
curio,1
spoilt,1
guessed,3
peculiarly,1
level,2
approved,2
done,9
invaded,1
already,2
crowded,3
introduced,2
contracted,3
brief,3
contempt,3
fishlike,1
orbs,1
involuntarily,2
twitched,1
dart,1
courteous,1
pleasantly,2
whom,6
everyone,1
mortgaged,2
time’s,1
drove,2
craned,1
halfopen,1
dukee,2
called,5
hither,1
summoning,1
dignity,3
presented,3
deftly,1
changed,1
seats,1
plunged,1
animated,1
dispute,1
anent,1
vanishing,1
charms,1
languor,1
due,2
physical,1
contemplating,1
taking,5
answer,1
remarks,1
nevertheless,7
prolonged,2
indifferent,3
disturbed,1
susceptibility,1
regard,3
eye,3
weariness,1
responsive,1
inertia,1
vital,4
force,1
repels,1
title,11
pages,1
military,1
glory,1
rustled,1
appealed,1
history,4
snob,2
marrying,4
repelled,1
relegated,1
outer,2
circle,2
whence,1
banished,1
achieved,1
disapproval,1
thin,2
spell,1
emanated,1
selfcontained,1
personality,1
stirred,2
languid,2
pulse,1
practical,1
girl’s,2
imagination,1
haloed,1
ancient,2
sweep,1
historical,1
canvas,1
remembered,1
envied,1
violent,6
emotion,1
lobby,1
la,2
belle,2
dame,1
sans,1
merci,1
notion,1
he’d,4
turning,2
swallow,1
grimace,1
committed,2
intention,3
ridiculous,2
obliged,5
frankly,1
disgusting,1
choice,1
nous,1
verrons,1
arrange,2
compatriot’s,1
weak,1
creightons,2
schemmerhornsmiths,1
flattering,1
attentions,3
harm,1
event,1
conspirator,1
debt,2
vi,1
lit,2
enlightening,1
elderly,1
roués,1
listened,2
becoming,1
gravity,1
apart,2
four,7
darkred,1
collar,2
venetian,1
lace,8
highbacked,1
ebony,1
ivory,3
queen,1
throne,1
graciously,2
receiving,2
twice,5
creighton’s,3
darkgreen,1
embroidered,1
tree,1
design,1
wood,3
inch,1
thick,3
shade,1
blended,1
apartment,2
lampshades,1
warmth,7
transatlantic,1
parts,1
shaken,1
conversation,3
shoulder,1
womanly,1
regal,2
combined,2
impression,2
c’est,1
moi,1
elect,1
win,3
favour,1
sincere,2
unbounded,1
bitter,6
superfluous,1
gates,1
genuinely,2
wondered,4
gracious,2
content,5
bask,1
divined,2
natural,1
abilities,1
sympathy,3
conveyed,1
donow,1
unwonted,1
blind,1
firstit,1
youngest,1
childthe,1
dead,6
fogey,1
landed,1
sudden,6
statement,1
racial,1
differences,1
climate,1
electrifying,1
fascinates,1
gallantly,1
reposeful,1
drop,3
tempted,1
hearts,1
weary,2
profligate’s,1
invariably,2
drive,3
understood,2
graceful,1
misconstrued,1
greet,1
comer,1
regarded,6
closely,3
convey,2
subtle,3
fell,3
wondering,1
abundant,1
harvest,1
wrong,7
mess,2
meagre,1
neutral,1
makeup,1
dragged,1
moulded,1
rested,3
hurt,4
nasty,3
andshe’ll,1
forgetwhen,1
gets,2
forgive,3
remarkable,1
answered,1
mabel’s,2
coquettish,1
reproach,1
chaffed,1
forgetting,1
mother’s,4
equally,2
discomforting,1
difficult,1
embarrass,1
unindividual,1
possibly,3
stupid,2
precisely,1
hypnotic,1
fascinating,1
what’s,3
titlenot,1
norry,1
chronic,1
amahindiscreet,1
produce,1
englishmanwith,1
huffily,1
caught,3
fever,1
either,2
children’s,1
diseases,1
titlefever,1
among,5
late,3
catch,1
butler,1
mumps,1
funniest,1
case,4
ellis,1
davis,1
london,8
wild,3
cockney,1
accent,1
calls,1
‘daivis,1
‘todai,1
princess,1
‘wailes,1
‘paiper,1
‘caike,1
‘laidy,1
letters,2
bet,1
prospects,1
hotel,6
servants,1
barber,1
ear,4
defective,1
memory,2
bad,7
mixed,1
we’ll,3
benefit,3
original,2
earth,3
hate,6
heaven,4
concoction,1
breakfast,5
brand,1
villagers,1
tuppence,1
pound,2
magic,1
tacked,1
nonsense,1
irish,2
politicians,1
toady,1
noise,1
grovel,1
strike,1
medium,1
events,2
recognises,1
bond,1
gratitude,2
peace,4
morning,6
week,12
unblushingly,1
proper,2
hesitated,3
tucking,1
glove,1
cuff,1
nights,1
succession,1
plunge,1
adieux,1
tomorrow,3
comefor,1
dine,1
weekthursday,1
pretence,1
mustfletcher,1
diningroom,2
invitation,1
vii,1
rivetted,2
belt,1
telegraph,2
ticking,3
slipped,3
loosely,1
yard,2
machine,3
floor,5
coiled,1
visible,1
typify,1
rising,1
waters,1
wall,3
radiant,1
snow,2
electric,3
curtains,2
drawn,2
gas,1
log,1
flamed,1
grate,1
loops,1
motionless,1
hat,3
corrugated,1
flint,1
secretary,2
clerk,1
heed,2
hieroglyphics,1
strip,1
sliding,1
rapidly,2
fingers,7
grip,1
softly,1
brushed,2
coils,2
kicked,2
foot,3
enveloped,2
sables,1
relaxed,3
removed,1
statue,1
watched,1
drift,2
northern,2
consolidated,2
dropping,1
parachute,1
brougham,1
cover,1
rug,1
worried,2
panic,1
undoubtedly,1
weighs,1
gallatin’s,1
musicale,1
melba,1
dance,1
rap,1
harriet,4
worse,2
smokingroom,1
‘slump,1
spend,4
divan,5
while,8
played,8
winter,1
gratefully,2
mooning,1
contemptuously,2
worrying,1
parrots,1
dropped,3
ah,2
improves,1
acquaintance,2
magnificent,4
manhood,2
likes,2
finds,1
ned,8
difficile,1
healthy,1
selfrespecting,1
americans,3
infatuation,1
yorkers,1
microbe,1
strikes,1
inflammation,1
ensues,1
immediate,2
remnant,1
announced,5
fatherthat,1
humour,4
wait,2
dukelet,1
impecunious,2
buy,3
jump,2
resources,1
hole,2
strains,1
jolting,1
rough,1
rasped,1
wounded,1
picturesque,1
varied,1
architecture,1
throbbed,1
winter’s,1
swarm,1
carriages,1
highway,1
beetles,1
yellow,1
multiplying,1
sidewalks,2
opposing,1
tides,1
orchid,1
brightly,2
brisk,1
constitutional,1
groomed,1
promenading,1
ponderous,1
tread,1
rushing,1
hotels,1
rockets,1
splendidly,1
arrayed,1
haughty,3
swing,1
challenged,1
passing,2
contingent,1
snowclouds,1
dusk,1
moving,2
homeward,1
deserted,1
stars,3
whirling,1
halls,1
mansion,1
tapestries,1
rooms,5
homelike,1
stately,2
imposing,2
subdued,1
setting,2
bedroom,2
personal,5
encompassment,1
windows,2
raw,2
opal,2
hued,1
furniture,2
covered,4
material,1
carpet,6
touched,4
enhanced,1
ornaments,1
cunningly,1
simulated,1
gem,1
corner,4
enamelled,1
opalized,1
impressionist’s,1
brush,1
gleamed,1
delicate,4
mist,2
shower,1
halfconcealed,1
upholstered,1
bed,3
dressingtable,1
butterfly,1
furnishings,1
coral,1
alcove,1
walled,1
lookingglass,1
national,1
convention,1
refurnished,1
abounding,1
potence,1
attired,1
negligée,1
corncoloured,1
heavy,3
unbound,2
chopin,1
smothered,1
latest,2
novel,2
evenings,2
devotedly,1
weeks,9
allowed,1
viii,1
banging,1
parlour,1
bachelor,1
thrown,2
solemn,2
sir,2
crown,1
broad,1
grin,2
appeared,2
easy,3
finish,1
bravura,2
composing,1
keys,1
infernal,2
racket,1
peevishly,1
nerves,2
thundering,1
leaping,1
legs,1
strung,1
staring,2
huddled,1
sullen,1
miserable,5
hallo,1
host,2
authority,1
losing,2
conceit,2
geraniumcoloured,1
donkey,1
remotest,1
lunged,1
clothesshe,1
‘honey,1
insisted,1
perch,1
addling,1
problems,1
graces,1
mummy,1
summoned,2
courage,1
interview,7
polite,1
encouraging,1
grumpy,1
richer,1
whichever,1
works,1
wishes,4
restored,1
dirty,1
sensation,4
fortunehunter,6
interest,5
beyond,3
conscious,2
brace,5
god’s,2
sake,3
brandy,2
soda,2
blowing,1
sentiment,3
ruined,3
decency,1
offer,3
support,2
£60,1
appear,2
brothers,1
drank,2
tolerated,1
slowly,4
latter,1
killed,1
sheep,1
lamb,1
offered,3
hundred,10
thrust,1
granitic,1
wedgewood,1
tray,1
supporting,1
note,3
wants,5
leave,7
luck,4
ix,1
tapping,1
shoe,1
abruptly,5
building,3
hailing,1
hansom,2
town,1
equitable,2
elevator,1
corridors,2
finally,2
steered,2
quarry,1
private,2
hallway,1
reading,3
sporting,1
extra,1
card,1
shown,1
furnished,1
flooded,1
roar,1
broadway,1
faintly,1
ticked,1
intermittently,1
forth,2
clean,1
flimsy,1
portentous,1
inner,2
sound,2
typewriter,1
shook,4
visitor,1
closed,1
desk,2
correspondence,1
smoothshaven,1
determined,5
goodlooking,1
bags,1
haggard,1
wordsprobably,1
impossible,2
concerns,1
accepted,3
refer,2
wheeled,1
window,3
said“if,1
loves,2
gentleman,1
marriage,4
enquire,2
awarepardon,1
abruptnessthat,1
enable,1
effort,3
apparent,1
confidence,1
timebut,1
involved,1
mend,1
pieces,2
sitting,3
unmortgaged,1
traversing,1
uncomfortable,2
reply,3
insult,1
show,1
exponent,1
experienced,2
profound,1
disgust,2
entailed,1
hilt,1
mortgages,1
pittance,1
cost,2
repair,2
repaired,1
brings,2
intimated,1
conferring,1
inestimable,1
regild,1
coronet,2
appreciate,2
guest,1
disappeared,1
permission,2
whatwhatyou,1
sooner,2
x,1
preferred,1
miles,1
library,6
waited,2
halfpast,2
kenilworth,1
scenes,1
amy,1
hangs,1
leicester’s,1
exclaims,1
‘my,2
noble,3
earl,1
hearthrugman’s,1
immemorial,1
citadel,1
defenceand,1
fishy,1
paleblue,1
cross,2
hated,1
expressed,3
ohhave,1
whatwhat,1
explained,1
situated,1
knowwon’t,1
papahe’s,1
generous,2
shortened,1
painfully,1
twisted,1
hounded,1
lawyers,1
moneylenders,1
syndicates,1
unable,1
misery,1
hell,1
twirling,1
rings,2
conditions,1
skeleton,1
protestations,1
accuse,1
hypocrisy,1
thingi,1
humbled,1
deserve,1
immediatelyshall,1
treat,1
offhand,1
game,2
fellow,2
instinct,1
au,1
revoir,1
composed,1
flowerlike,1
selfrespect,2
swiftly,1
conceives,1
delivers,1
loving,3
past,3
possibilities,1
meant,1
kiss,3
raised,3
front,5
ran,4
locked,3
mustn’t,1
mustn’tmustn’t,1
swollen,2
nose,2
quoted,1
exerted,1
downward,1
sobbing,2
aloud,3
lighten,1
breast,2
shuddered,1
lena,1
distracted,1
madbut,1
fool,2
clenching,1
nails,1
palms,1
continued,1
suffered,2
dig,1
grave,2
angry,2
honourable,1
regularly,1
cut,4
ascend,1
stair,5
ceremony,4
tears,8
fondled,1
failure,1
bought,2
noticed,2
development,1
rapid,2
phase,2
putting,1
awful,1
plucky,1
crying,2
often,2
attracted,1
himthat,1
dough,1
pudding,1
baked,1
feelings,1
betterpapa,1
holiday,1
suffer,2
worthy,4
xi,1
shortly,1
surprise,2
usual,4
withdrawn,1
sensuousness,1
settled,4
rigid,1
lines,4
fender,1
wave,1
parted,3
enquired,1
verge,2
gasped,1
suffuse,1
outbidding,1
grandmother,1
guided,1
entirely,6
plan,1
mapped,1
consent,4
xii,1
dressing,1
following,4
duky,2
daddledumsi,1
news,2
engagements,2
twelve,1
f,1
c,1
cuyler’s,1
midnight,2
greeting,1
concealed,1
doubled,1
crossly,1
hercules,1
bank,1
pledged,2
firstcreighton,1
practically,1
smash,1
uncommonly,1
cheap,1
daughter’s,1
investments,1
scrape,1
debts,2
repeat,1
begun,1
conscience,2
remark,1
deuced,1
nobleman’s,1
purely,1
diplomatic,1
mère,1
nay,1
named,1
pricethe,1
modest,1
sum,1
5000000,1
despises,1
anybody,1
‘you,1
wretch,3
blow,2
disgrace,2
bartering,1
screaming,1
eagles,1
b,1
s,1
wagged,1
pathetically,1
tussle,1
bound,3
cave,1
infatuated,1
power,4
bee,1
bonnet,1
dash,1
month,3
season,1
ancestry,2
trunk,1
died,2
ago,2
motherinlaw,1
planted,1
doormat,1
flit,1
you’ve,2
ally,1
spout,1
xiii,1
restlessly,1
uneasy,1
harrowed,1
satisfied,3
progress,1
marching,1
crêpe,1
conducive,1
cheerfulness,1
extinguished,1
drab,1
glow,1
worst,1
ascent,1
familiar,1
voices,1
unusually,1
pugnacious,1
disagreeable,1
greeted,1
sternly,2
meddling,1
none,5
minds,1
keeping,1
recovered,2
distinctly,1
compact,1
truth,1
portiondotyou,1
secret,1
outbid,1
wreck,2
positively,1
pathetic,1
matron,1
threw,3
beat,3
knuckles,1
sharply,1
unburdened,1
agreed,3
enjoying,1
endeavour,1
worldnot,1
polemical,1
novels,2
clubs,1
advantages,1
accident,1
agreeddo,1
rememberthat,1
ideals,1
forparticularly,1
relations,1
discussed,1
broken,1
settle,1
chiefly,1
concerned,1
ways,1
example,1
nobles,1
stiffened,1
continue,2
whenever,2
goldhunting,1
jewflying,1
wethe,1
bestbe,1
contemptible,1
sneered,1
lampooned,1
excoriated,1
outsiders,1
occupy,1
false,1
contemporary,1
conspicuous,1
tittletattled,1
presswe,1
godsend,1
pities,1
writing,3
band,1
vow,1
foreigner,1
otherwise,2
cap,1
prospective,1
inheritance,1
amountwhich,1
vowing,1
untitled,1
graves,1
fail,3
nonsensical,1
snobbery,2
insist,1
express,2
alliance,1
raise,1
selfesteem,1
convince,1
watching,1
horizon,1
spyglasses,1
appears,1
leavings,1
desired,2
gained,1
maitland’s,1
pasty,1
dismiss,1
avow,1
openly,1
americanthat,1
ideal,4
passes,1
comprehension,2
who’s,1
hunting,1
mention,1
belongs,1
future,2
build,1
fresco,1
risen,1
habitual,1
calm,2
accentuated,1
adopt,1
theories,1
collide,1
facts,1
scratch,1
other’s,1
retorted,2
hadn’t,1
boiled,1
soup,1
owned,1
colorado,1
latimer’s,1
wings,1
sprouting,1
reformed,1
regret,2
himnot,1
maybe,1
fastened,1
coat,1
shake,1
goodbye,1
icily,1
iron,1
xiv,1
maintained,1
defiance,1
rang,1
tap,1
fulllength,1
pillows,1
bottle,1
smellingsalts,1
headache,3
coldly,1
precipitately,1
dishonourable,4
logs,1
burning,1
hearth,1
pursued,1
encouragement,1
shouldn’t,2
abstract,1
sentiments,1
reasoning,1
faculty,1
suited,1
knowing,1
dinners,1
pride,7
irritated,1
delightedrelieved,1
unhappy,2
misgivings,1
longer,1
flung,4
sobbed,2
cushions,1
xv,1
banquet,2
russian,1
notables,1
invited,2
chaperoned,1
sister,1
van,4
rhuys,4
arranged,2
theatre,2
included,1
mirrors,1
creaked,1
trimming,1
bust,2
waist,1
hem,1
ribbon,1
pigeonblood,1
rubies,3
base,1
blazed,1
radiating,1
massive,1
ruby,1
smaller,1
bracelets,1
sparkled,1
thrilled,2
intoxicated,1
magnificence,1
become,2
cease,1
shroud,1
claimed,1
unaccountably,1
mammy,4
negro,1
rapt,1
negress,2
virginia’s,1
nurse,3
attendant,1
oceanfor,1
unsurmountable,1
horrorhad,1
separated,1
idolized,2
mistress,1
exercised,1
austere,1
vigilance,1
doctor,1
constitution,1
diagram,1
straight,1
checkmate,1
unsuccessful,1
sut’n’y,1
honey,2
pearter,1
git,1
cited,1
dose,1
purty,1
cos,1
heaps,2
o,3
yo,2
uster,1
yore,1
toys,1
al’ays,1
de,1
knee,1
disgusted,2
declare,1
overgrown,1
baby,5
coddling,1
undisturbed,1
complacently,1
mirror,2
frock,1
fit,1
vision,1
mantle,1
ermine,1
adjusted,1
flap,1
chest,1
wrapped,1
scarf,1
softlydressed,1
leetle,1
tetch,1
sweets,1
drap,1
coffee,1
below,2
millionaires,1
spread,1
porte,1
cochère,1
stormy,1
weather,1
awning,1
erected,1
curbstone,1
snowing,1
menservants,1
threshold,1
carriagestep,1
wet,1
boots,1
slippers,1
recall,2
reception,1
afterward,1
cluster,1
extravagance,1
flatteries,1
salaamed,1
revelled,1
adulation,1
pen,2
poured,2
whisky,1
decanter,1
proud,1
princelings,1
telling,1
rumpling,1
suspect,2
sha’n’t,1
depths,2
pouf,1
rope,2
nervously,1
dented,1
favourite,1
ceiling,1
books,1
seven,2
generations,2
activity,1
wise,2
civilized,1
busts,1
basreliefs,1
carved,1
mantel,1
onyx,1
portrait,4
sargeant,1
artist,2
protested,2
interpreted,1
sky,1
sealine,1
alluring,1
poise,1
curve,1
unselfconscious,1
autorité,1
foster,1
sensuous,1
tender,1
reiteration,1
clear,1
radiance,1
uplifted,1
dwelt,1
vigorous,1
stuff,1
folded,2
string,1
pearls,2
failed,2
transfer,1
passion,1
emanate,1
wonderful,1
limner,1
modern,1
perfected,1
hesitate,1
steal,1
aught,1
sadly,1
bethat,1
mightwere,1
trowelful,1
clay,1
student,1
human,1
ignorant,1
wife’s,2
faults,1
justified,2
closing,1
sleep,3
fulness,1
clutched,1
tightly,1
bruised,1
flesh,1
anxiously,2
asheville,2
downtherewhere,1
sayat,1
puzzled,1
smoke,1
investing,1
invest,1
advice,1
scarcely,1
year’s,1
public,4
superiorwith,1
heaven’s,1
pressing,2
ejaculated,2
fingertips,1
he’sbut,1
saint,1
pace,2
remnants,1
vault,1
edition,1
misjudge,1
excuse,4
puny,1
demoralised,1
grandchildren,3
gladly,1
alonehappy,1
hypnotised,1
encouraged,1
sensible,1
ideality,1
masculine,1
stamina,1
decaying,1
houses,7
limitations,1
levelheaded,1
wellbalanced,1
defections,1
darwin,1
mothers,1
dissipated,1
eldest,1
sons,1
sounds,1
prejudiced,2
rampant,1
members,2
british,2
peerage,2
hearty,1
liking,1
belonged,1
aristocracy,6
whelpif,1
son,1
inflexibly,1
excitement,3
trembled,2
recognised,2
conclusive,1
folly,1
resort,1
endearment,1
cajolery,1
mood,3
uncompromising,1
opposition,4
cemented,1
torching,1
judgment,1
fixedly,1
virginiait,1
possibleyou,1
himyou,1
scheming,1
damnable,1
transaction,2
screw,1
damned,1
afford,1
coarse,1
capable,2
allianceand,1
plainlyit,1
greatest,2
satisfaction,1
mad,1
blush,1
diseasea,1
species,1
brainpoisoning,1
eats,2
rots,1
demoralises,1
morphine,1
alcohol,1
drinks,1
sleeps,1
veritable,1
coronetchaseryoumy,1
runs,1
debased,1
dishonoured,1
cent,1
breaking,3
wills,1
dispose,1
desperate,1
sprang,2
furiously,1
studying,1
wishesand,1
yearsyou,1
amiable,1
tyrant,1
hush,1
petulant,1
wretched,1
moved,1
uncertain,1
foundation,1
womanany,1
prince,1
stripped,1
reduced,1
mere,2
domestic,1
suffice,1
eighty,1
commanding,1
nostrils,2
distended,1
undulating,1
opaque,1
merciless,1
glowed,1
rubescent,1
robe,2
idolan,1
idol,1
informed,3
pitiless,1
spurned,1
creator,1
glanced,2
push,1
quarterif,1
excited,3
averted,1
xvi,1
stared,2
defiantly,1
contemptuous,1
wished,4
devote,1
differently,1
werei,1
restore,1
illustrious,1
permitted,2
supposeto,1
fifteen,1
allotted,1
span,1
accumulating,2
prop,1
rotten,1
unlike,2
forsaken,1
frightful,1
workingmen,1
estates,2
self,2
occur,1
americanmade,1
mostly,1
europeans,1
trembling,1
soreeyed,1
weakkneed,1
permit,1
phlegmatic,1
natures,2
leap,1
parent,1
cutting,1
upstairs,1
pocket,1
marries,1
xvii,1
boston,2
remain,1
lefthad,1
hammer,1
sulking,1
car,2
train,3
engrossed,1
snatch,1
observing,1
became,2
aware,1
temper,2
gunpowder,1
disputes,1
flavour,1
espouse,1
pretensions,1
filled,2
terror,2
sickened,1
stabbed,1
repeated,2
hoping,1
quarrels,2
tempers,1
coaxed,1
reconciliation,1
dictated,1
safely,1
appalled,1
unreckoned,1
struck,3
fetched,1
portmanteau,1
cab,1
ostentatiously,1
evaded,1
sailed,2
mantelpiece,1
knob,1
monday,2
bicker,1
risk,1
decisive,1
hurts,1
youplease,1
calmly,2
warrantable,1
remained,2
renew,1
constantly,1
undignified,1
regrettable,1
persist,1
refusing,1
consentwhich,1
believei,1
tenth,1
march,2
property,2
horses,1
induce,1
brétagne,1
paris,2
trousseau,3
address,1
‘bristol,2
londonto,1
majestic,1
aches,1
hurry,1
displeasing,1
cloud,1
rests,1
plausible,1
explanation,1
abrupt,1
departure,1
talent,1
elbows,1
digging,1
rolled,1
sobs,2
fool’s,1
paradise,1
preeminent,1
supremely,1
faithful,1
gratify,1
splendour,1
lived,2
comrade,1
source,1
nearly,2
sold,1
trodden,1
dirt,1
finger,2
gloat,1
tarnish,1
reviewed,1
perfect,1
retrospect,1
doubted,1
pitted,1
truncated,1
delight,2
spoiled,1
adored,1
respected,1
communion,1
passionately,2
dependent,1
chaff,1
scale,1
vanities,1
influential,1
birthright,1
talents,1
estimation,1
wider,1
popularity,1
mortals,2
ached,1
torn,2
trampled,1
gall,1
xviii,1
previously,1
agog,1
interviewed,1
bulletins,1
suspected,1
verified,1
congratulated,1
diplomatically,1
advocate,1
international,1
marriages,2
hedged,1
sense,2
abasement,1
fling,1
maw,1
brother,1
exact,1
dowry,2
singularly,1
wherefore,1
importance,1
wedding,4
courseunless,1
muddle,1
prevented,1
brotherinlaw,1
schuyler,1
nursing,1
inflicted,1
unintelligible,1
californian,1
jilted,1
contrary,2
folk,1
impending,1
duchess,4
parliament,1
goodly,1
number,1
ambassador,2
repellent,1
unpicturesque,1
neither,1
thistledown,1
attraction,1
average,1
singular,1
variation,1
hackneyed,1
atoned,1
paucities,1
principal,2
figures,1
absorbed,1
lively,2
wit,1
reluctant,1
unflagging,1
weekly,1
press,2
discovered,2
illimited,1
strata,1
printed,1
aimed,1
amuse,1
sale,1
shops,1
twentieth,2
entail,1
mechanism,1
selected,1
circumstance,2
steer,1
regalities,1
ought,1
unleavened,1
bliss,1
sarcasm,1
neat,1
people’s,1
gazing,1
sticks,1
fan,1
himfatherto,1
whirl,1
adores,1
worriednot,1
coldblooded,1
comprehend,1
devotion,1
weakening,1
retreat,2
retreating,1
fought,1
heartless,3
brutal,1
insulting,1
beaten,2
endsurely,1
humiliating,1
parcel,1
analyzed,1
lovealthough,1
circumstances,2
besottedly,1
deny,1
veins,1
accepting,1
englishborn,1
richethe,1
fungiof,1
lamentable,1
muddy,1
pure,1
chromos,1
jewelled,1
providence,2
sacred,1
papa’s,1
education,1
refinement,1
edifying,1
homily,1
scant,1
tormented,1
conjectures,1
displeasure,1
picturing,1
loneliness,2
awoke,1
blank,1
mise,1
scène,1
play,2
flaring,1
enigma,1
leaving,1
believed,2
test,1
absence,1
anger,1
deeper,1
dangerous,2
experiment,1
shatter,1
partition,1
illusion,1
analytical,1
expostulated,1
mark,1
crossing,1
marie,3
toilette,1
automaton,1
woke,1
yesterday,1
wrap,1
heavens,3
immeasurably,1
superior,1
petting,1
demands,1
admirably,1
stronger,1
exemplary,1
plain,1
passionless,1
pseudointellectual,1
profligate,2
takes,1
tomorrow’s,1
steamer,2
forcing,1
attached,1
aunt,1
lonesome,1
xix,1
dry,1
habitually,1
fragrant,1
admitted,1
remorse,1
reasserted,1
settlement,1
receipt,1
attorneys,2
possessed,2
tore,1
strips,1
yield,2
thankful,2
fools,1
bein,1
unfortunately,1
free,1
intuitions,1
reverence,1
amounted,1
genius,2
lovinga,1
uncommon,1
idealising,1
companionable,1
supposenothing,1
regrets,1
fault,1
picture,1
mounting,1
instantly,1
mellowness,1
solitary,1
keenly,1
withdraw,1
womankind,2
curtly,1
finer,1
sample,1
sympathise,1
antipathy,1
manners,2
alike,1
assuredly,1
settles,1
hampered,1
sad,1
define,1
snobbishness,1
oh”mr,1
rattled,1
shovel,1
coals“do,1
peerbewitched,1
farther,1
sell,1
bargain,1
voluntary,1
consequences,2
xx,1
prostrated,1
grumbled,1
revolved,1
pier,1
glass,1
particulars,1
path,1
strewn,1
jacqueminots,1
newlytitled,1
statesian,1
joke,1
footing,1
pulled,1
swerve,1
eyebelongings,1
erectly,1
hideously,1
creditably,1
followed,1
suite,1
uttered,1
exclamation,1
alarm,1
hastily,1
dishevelled,1
clenched,1
youyou,1
terribly,1
pain,2
cable,6
muttered,1
goodness,1
upset,1
affects,1
hovered,1
relieve,2
distress,2
inasmuch,1
incapable,1
comprehended,1
refuge,1
plane,1
spoil,1
wives,1
spoils,1
ordinary,1
predicament,1
befall,1
utterly,1
demoralized,1
pet,1
reflectively,1
fuss,1
concern,1
disfigured,1
alarming,1
materials,1
alacrity,1
splashed,1
reassuringly,1
helped,1
sprinkled,1
hairbrush,1
bellboy,1
dispatched,1
patting,1
merry,1
marriagebellmy,1
marriagebell,1
special,1
intervention,1
wearily,1
xxi,1
disquiet,1
hastening,1
couldfilled,1
needed,1
distraction,1
devise,1
impatience,1
longing,2
crouched,1
corners,1
gloomy,1
skies,1
contributed,1
quota,1
homesick,1
admirers,1
wherein,1
reminded,1
saturday,1
reckoned,1
delays,1
wednesday,2
succeeding,1
arrival,2
passengers,1
cunard,1
preference,1
nine,2
eveninga,1
st,3
paul’s,1
machinery,1
delayed,1
declared,1
return,2
haunted,1
visions,1
shipwreck,1
doubts,1
embittered,1
crook,1
revealed,1
dormant,1
virile,1
poison,1
bosworthretreated,1
ambitions,1
lifetime,1
detestation,1
concentrated,1
feminism,1
wrinkle,1
enriched,1
empire,1
square,1
longest,1
result,1
retributive,1
fiery,1
rain,2
crablike,1
momentarily,1
seconds,1
expectation,1
roll,1
cabs,1
incessant,1
thickly,1
carpeted,1
footfall,1
dared,1
anodyne,1
lest,1
tried,1
perturbing,1
wraiths,1
agitation,1
quicked,1
possession,1
tossed,1
dissolved,1
evocation,1
purposed,1
captivate,1
anew,1
blister,1
inflame,1
flew,1
deluged,1
besought,1
forgiveness,1
stern,1
appeal,1
irresistible,1
capitulating,1
reserves,1
proof,1
outburst,1
xxii,1
understanding,1
invitations,1
laughingstock,1
continents,1
fortunately,1
acts,1
realize,1
attorney,1
confer,1
thoughtfully,1
chiffon,1
presidents,1
chance,1
sulk,1
kick,1
climb,1
xxiii,1
details,1
visits,1
serene,1
components,1
pleasurably,1
oscillated,1
sneer,1
vulgar,1
display,1
george’s,2
decorated,1
lavishness,1
bower,1
mud,1
royalty,1
cannes,1
church,1
dowager,1
stout,1
plainlygarbed,1
daughters,1
placid,1
sleepy,1
violet,1
vest,1
device,1
flanked,2
embassy,2
bridal,1
severelycut,1
veil,1
maidens,1
writ,1
chivalry,1
equanimity,1
bump,1
benevolence,1
wellplaced,1
affiliated,1
gratified,1
strictly,1
lowered,1
defeat,1
rosy,1
forgiven,3
impressions,1
effaced,1
persistence,1
bridesmaids,1
tips,1
affable,1
impish,1
ladies,1
member,1
assemblage,1
instrument,1
bringing,1
auspicious,1
aboutalthough,1
confess,1
imputationbut,1
conferred,1
witness,1
britain,1
allude,1
weddingmarch,2
doubtless,1
attended,1
impatiently,1
entitled,1
organistwhen,1
articulate,1
redhot,1
speechless,1
approached,1
cuffs,1
‘young,1
venerable,1
‘move,1
signal,1
hypnotized,1
slid,1
stool,1
mechanically,1
threatening,1
police,1
life’s,1
gifts,1
consistently,1
inspiration,1
intended,1
informal,1
gay,1
toasts,2
responses,1
death’s,1
feast,1
vein,1
wine,1
handed,1
forgave,1
mp’s,1
economy,1
listed,1
especial,1
anticlimax,1
personage,1
surpassing,1
happier,1
admired,1
proposed,1
toast,1
xxiv,1
imperiously,1
adjusting,1
lock,1
unwise,1
offended,1
resentment,1
cheek,1
